{"loss": [1.985959529876709, 1.2926537990570068, 0.9521329402923584, 0.7586209177970886, 0.6196844577789307, 0.5022616386413574, 0.4056917428970337, 0.3348373472690582, 0.2615107297897339, 0.21258239448070526, 0.17891843616962433, 0.1580989807844162, 0.12379308044910431, 0.11158182471990585, 0.10547296702861786, 0.09566259384155273], "accuracy": [0.25450751185417175, 0.5326377153396606, 0.6618530750274658, 0.734557569026947, 0.7867279052734375, 0.8236227035522461, 0.8596827983856201, 0.8878964781761169, 0.9102671146392822, 0.9267112016677856, 0.9394824504852295, 0.9454089999198914, 0.9575124979019165, 0.9630216956138611, 0.9646076560020447, 0.968948245048523], "val_loss": [1.466403841972351, 1.042358636856079, 0.816753089427948, 0.8244735598564148, 0.5636734366416931, 0.5717083811759949, 0.44207650423049927, 0.4438270628452301, 0.45632123947143555, 0.4966699779033661, 0.3108993172645569, 0.3315957486629486, 0.4139895439147949, 0.3372459411621094, 0.4382358491420746, 0.3694417476654053], "val_accuracy": [0.4808013439178467, 0.6096827983856201, 0.7218697667121887, 0.7268781065940857, 0.8023372292518616, 0.8056761026382446, 0.8520867824554443, 0.8567612767219543, 0.8510851263999939, 0.849081814289093, 0.904841423034668, 0.8968280553817749, 0.8894824981689453, 0.9011685848236084, 0.8828046917915344, 0.900166928768158]}