{"loss": [2.108576774597168, 1.3583141565322876, 0.9536017775535583, 0.7543888092041016, 0.6041556596755981, 0.483193576335907, 0.38456565141677856, 0.3192901313304901, 0.24520401656627655, 0.2044365257024765, 0.1727737933397293, 0.1462324857711792, 0.1299513727426529, 0.1167222261428833, 0.1113903746008873, 0.0909842997789383, 0.09561683982610703, 0.08556944131851196, 0.07458290457725525, 0.07155030220746994, 0.06729920953512192, 0.06706313043832779, 0.06010277196764946, 0.06496745347976685, 0.05038025602698326, 0.061177872121334076, 0.05450445041060448, 0.04216534644365311, 0.05690159276127815, 0.05246024206280708], "accuracy": [0.20100167393684387, 0.5052587389945984, 0.6590149998664856, 0.7360600829124451, 0.7868947982788086, 0.8348079919815063, 0.8666110038757324, 0.8904841542243958, 0.9155258536338806, 0.9318029880523682, 0.94240403175354, 0.9512521028518677, 0.9567612409591675, 0.9611853361129761, 0.9627712965011597, 0.9713689684867859, 0.9690316915512085, 0.969699501991272, 0.9755425453186035, 0.9766277074813843, 0.9783806204795837, 0.9772120118141174, 0.9800500869750977, 0.9787145256996155, 0.9825542569160461, 0.9796327352523804, 0.9833055138587952, 0.9868948459625244, 0.9816360473632812, 0.9831385612487793], "val_loss": [1.6807830333709717, 1.0950860977172852, 0.819284200668335, 0.7032447457313538, 0.5515219569206238, 0.5113934278488159, 0.4618913531303406, 0.400829017162323, 0.4431596100330353, 0.40160316228866577, 0.40880247950553894, 0.40382492542266846, 0.3718055486679077, 0.335219144821167, 0.35169821977615356, 0.3716558814048767, 0.3737853765487671, 0.36899036169052124, 0.2919602394104004, 0.3183123469352722, 0.2766370177268982, 0.3197766840457916, 0.3531348705291748, 0.30055248737335205, 0.4289078116416931, 0.29638367891311646, 0.35902395844459534, 0.3692719340324402, 0.3090609908103943, 0.2957961857318878], "val_accuracy": [0.376293808221817, 0.6257095336914062, 0.7151919603347778, 0.7575960159301758, 0.8153589367866516, 0.8300501108169556, 0.8404006958007812, 0.8717862963676453, 0.8577629327774048, 0.8681135177612305, 0.8828046917915344, 0.8791319131851196, 0.8978297114372253, 0.9088481068611145, 0.899833083152771, 0.9028380513191223, 0.8958263993263245, 0.908180296421051, 0.9242070317268372, 0.922871470451355, 0.9258764386177063, 0.9185308814048767, 0.9121869802474976, 0.9145241975784302, 0.8954924941062927, 0.9302170276641846, 0.9085142016410828, 0.9115191698074341, 0.9232053160667419, 0.9365609288215637]}